source,date,rating,url,is_relevant,content_type,retrieval_scenario,what_they_remembered,what_they_forgot,search_attempt,outcome,failure_point,workaround_used,evidence_quote
play_store,2026-09-03,1.0,,yes,photo,searching for a photo,used to find photos easily,not_mentioned,search function replaced by AI,not_mentioned,evaluation,none,"Now this near perfect search function has been replaced by AI, which not only doesn't return the photos I'm looking for"
play_store,2026-08-22,3.0,,yes,photo,photo of an order,photo of an order,not_mentioned,trying to find photo,gave_up,evaluation,none,Just spent over 1 hr trying to find a photo I had taken of an order that the seller asked for me to upload a pic. (Still can't)
play_store,2026-08-20,2.0,,yes,photo,photos from attempted album upload,uploaded individually expecting to find under recently uploaded,they were not found in recently uploaded,uploaded individually expecting to find under recently uploaded,gave_up,evaluation,none,They were not. They were mixed in with my thousands of other pictures
play_store,2026-07-20,3.0,,yes,photo,photo of self,some photos have face highlighted,photos without face highlight,scroll to find them if I don't know the date,gave_up,evaluation,none,I have to scroll to find them if I don't know the date
play_store,2026-07-11,2.0,,yes,photo,older cloud photos,older photos stored in cloud,cannot access them,not_mentioned,not_mentioned,evaluation|system_understanding,none,No longer showing any of my older photos that are stored in the cloud
play_store,2026-08-09,1.0,,yes,photo,photo from many years,family and friends names in label descriptions,cannot locate them,search for names in label descriptions,gave_up,evaluation|system_understanding,copy text to paste or retype,Search doesn't work like it used to
play_store,2026-08-07,1.0,,yes,photo,photos missing in app,all photos and videos exist,not_mentioned,not_mentioned,not_mentioned,evaluation,using terracotta,in the app it only shows about 1/20 of the photos and videos I actually have
play_store,2026-03-07,2.0,,yes,photo,edited photo copy,edited photo copy,location in gallery,not_mentioned,gave_up,evaluation,none,almost impossible to find
play_store,2025-02-23,2.0,,yes,photo,photo from memory,Dog in a hat,location of photo,"search changed to AI, classic, same search shows briefly then nothing",gave_up,evaluation,none,"Even changing to classic, the same search will show your photo briefly, then change to 'Nothing found'"
play_store,2024-09-30,3.0,,yes,photo,photos by people's names,photos by people's names,albums disappeared from easy view,finding specific photos varies,not_mentioned,evaluation,none,The latest changes have made it more difficult to find photos by people's names
play_store,2024-10-26,3.0,,yes,screenshot,screenshot reference,favorites folder with references,missing references after removal,dive into ocean of 4k screenshots,gave_up,evaluation|system_understanding,none,My favorites on my Motorola keep getting removed from that folder for no reason!
play_store,2026-07-19,2.0,,yes,not_mentioned,photo from a certain date,photo from a certain date,unknown_unclear,trying to find by date,not_mentioned,evaluation,none,Want to easily find a photo from a certain date using easy visuals? Tough.
play_store,2026-09-13,3.0,,yes,photo,photos,photos,unable to locate photos,search functions now terrible,gave_up,evaluation,none,search functions now terrible I can't find any photos
play_store,2026-09-09,1.0,,yes,photo,photos from memory,photos they know exist,unable to locate them,dig in collections,found_via_workaround,evaluation,download older version,"I cant find any of the photos im looking for, things are no longer grouped by date"
play_store,2026-08-31,2.0,,yes,photo,pet photos,pets function turned on,photos appear in People & Pets,using People & Pets tab,gave_up,evaluation|system_understanding,none,"It fails to recognise pets in a lot of photos. If I type in search bar 'dogs', those pet photos appear, however if I just go through People and Pets, photos do not appear despite turning on the pets function."
play_store,2026-08-29,3.0,,yes,photo,recent screenshots not appearing on main page,some photos show on main page,the rest are only on Recently Added,digging for most recent screenshots,gave_up,evaluation,none,"why are my photos not showing up in the big main page? Only some are, the rest are on Recently Added. Having to go dig for my most recent screenshots is nuts"
play_store,2026-09-08,1.0,,yes,photo,photo of cat,cat picture,download functionality,not_mentioned,gave_up,evaluation,none,just permanently 'downloading' without actually downloading anything.
play_store,2026-09-16,1.0,,yes,not_mentioned,photos hidden in folders,pictures exist,location,not_mentioned,gave_up,evaluation,none,Pictures are hidden in folders and hard to locate.
play_store,2026-08-01,2.0,,yes,photo,photo from memory,photo they know exists,cannot locate it,basic search terms,gave_up,evaluation,none,I can't find photos I know exist (and used to be able to find) using basic search terms.
play_store,2026-07-16,1.0,,yes,video,video frame for screenshot,the specific frame they want,exact time/location of the frame,trying to pull screenshots,gave_up,evaluation,none,I try to pull screen shots and it jumps 2 or three seconds after the frame I asked for.
play_store,2026-08-31,2.0,,yes,video,download videos to device,videos exist in Google Photos,none,not_mentioned,not_mentioned,evaluation,none,"I'm not able to download any of my videos to my device, they all come through as unsupported media."
play_store,2026-09-09,1.0,,yes,photo,old pictures from cloud,old pictures backed up,albums,not_mentioned,not_mentioned,evaluation,none,why can't I see my old pictures? where did my albums go?
play_store,2026-08-10,2.0,,yes,photo,finding a specific photo,photo exists,location,"search for any of my Pic is difficult, key words don't pop up",gave_up,evaluation,scrolling,any of the key words don't make it pop up so I end up just having to scroll
play_store,2026-07-21,2.0,,yes,photo,photo to send from Gmail,photo just downloaded from Gmail,location in the photo list,"never find it in photos, goes far below in choose photo list",found_via_workaround,evaluation,go to files application or take screenshot,"never find it in photos, because it never show recently downloaded photos on top"
play_store,2026-07-14,3.0,,yes,photo,screenshots and images on phone,screenshots they made,location of images in gallery,multiple taps to view screenshots,gave_up,evaluation,none,i can't see all the images - i need to make like 3 taps to see screenshots i made
play_store,2026-08-05,1.0,,yes,photo,searching for photos by keyword,"photos with keywords like tyre, home, cat",unable to locate them,"search for tyre, home, or cat",gave_up,evaluation,none,"search for something like; tyre, home, or cat, it does not properly display anything from my collection"
play_store,2026-08-15,2.0,,yes,photo,edited photo,original photo,edited photo location,search works ok,gave_up,evaluation,none,As soon as you finish editing and click SAVE it's GONE
play_store,2026-07-27,2.0,,yes,photo,finding photos by month,photos organized by month,how to locate specific photos,using floating months,gave_up,evaluation,none,I can't find the pictures I want because they are all combined together and the 'months' floating on top does not help
play_store,2026-08-04,3.0,,yes,photo,photo from album,album titles,specific photo number,sorting through thousands of files,gave_up,evaluation,none,album titles vanish and I'm left with sorting through thousands of files to find one because they aren't named except by download numbers
play_store,2026-07-23,1.0,,yes,photo,photo to upload to Instagram,all photos visible in app,missing images in Recents,not_mentioned,not_mentioned,evaluation,none,when I want to upload a picture let's say on Instagram it shows me 'Recents' where some images are missing.
play_store,2026-07-11,1.0,,yes,photo,image location after AI move,image existed,location,trying to find where an image has been saved or moved to by AI,gave_up,evaluation,none,try & find where an image has been saved or moved to by Ai
reddit,2026-09-16,,https://old.reddit.com/r/googlephotos/comments/1wi9thz/cant_access_photos/,yes,photo,searching photos by description word,specific word in photo description,how to locate them via search,searching that word in Photos,gave_up,evaluation|system_understanding,none,searching that word in Photos gives zero results but the photos are still there if I scroll to find them manually
reddit,2026-08-19,,https://old.reddit.com/r/googlephotos/comments/1vt386b/easy_way_to_find_and_delete_all_photo_videos/,yes,video,filter motion photos from normal photos after Takeaway download,motion photos have separate video files,how to filter them by extension,tried filtering by .avi or .mp4 but not specific,not_mentioned,evaluation,none,"Now I'm stuck with these 'photo videos', you know those ones that allow you to select the best shot."
reddit,2026-08-15,,https://old.reddit.com/r/googlephotos/comments/1vozg5r/extremely_important_video_disappeared_from_google/,yes,video,video from gallery,video existed before deletion,location after deletion,can't find it anywhere,gave_up,evaluation,none,"Now, for some unknown reason, I can't find it anywhere"
reddit,2026-08-02,,https://old.reddit.com/r/googlephotos/comments/1vdm7p5/finding_my_photos_in_collections/,yes,photo,memes from app,4000+ memes from one app,missing from collections view,searching in collections,gave_up,evaluation,none,I can find them normally by scrolling down the main area but EVERYTHING is gone in collections.
reddit,2026-08-01,,https://old.reddit.com/r/googlephotos/comments/1vcu3cs/finding_specific_photo_in_a_large_album/,yes,photo,photo from a large album,specific picture among many,not applicable,CtrlF in album,gave_up,evaluation,none,"I did CtrlF when I opened the Album, but it shows 0 results"
reddit,2026-06-29,,https://old.reddit.com/r/googlephotos/comments/1uirwt9/photos_missing_but_in_memory_reels/,yes,photo,photos of children growing up,photos from 2017‑2019 of 2nd and 3rd child,missing photos from that period,"checked old phones, Google Photos app, and website",not_mentioned,unknown_unclear,none,I am missing all my photos from 2017 to 2019
reddit,2026-09-02,,https://old.reddit.com/r/googlephotos/comments/1w5hwvf/pulling_too_many_photos_for_specific_date/,yes,photo,download previous month photos day by day,"specific date (e.g., 8/21/2026)",photos taken on that date,click the day to select all photos taken that day,gave_up,evaluation|system_understanding,none,it will show me between 1300-1600 images for a very specific date
reddit,2026-08-24,,https://old.reddit.com/r/googlephotos/comments/1vx3rx3/photo_recovery/,yes,photo,photos from 2019 road trip,"photos taken in 2019, road trip",camera photos from 2019,"accessed old phones and Google Photos, found WhatsApp/screenshot but not camera photos",not_mentioned,evaluation|unknown_unclear,none,"Somehow, all photos taken in the year 2019 have disappeared"
reddit,2026-09-19,,https://old.reddit.com/r/googlephotos/comments/1wkh4be/search_function_only_shows_very_few_photos/,yes,photo,photo from memory,dog photos,more dog photos,search for 'dog',gave_up,evaluation,none,"search function on, it only shows me a few photos. For example, when I search for 'dog' , only 6 pictures come up"
reddit,2026-09-13,,https://old.reddit.com/r/googlephotos/comments/1wezeh4/web_site_folder_sync_doesnt_work_at_all/,yes,photo,photo from camera weeks ago,pictures taken on camera weeks ago,not in Google photos,not_mentioned,not_mentioned,evaluation|system_understanding,none,pictures I took on my camera weeks ago aren't in Google photos
reddit,2026-09-04,,https://old.reddit.com/r/googlephotos/comments/1w6uz0j/photos_storage/,yes,video,trip videos,videos from a trip,where the videos are stored after deletion,tried to check but couldn’t find them,not_mentioned,evaluation,none,I couldn’t find them.
reddit,2026-09-02,,https://old.reddit.com/r/googlephotos/comments/1w55t8o/quickly_searching_for_specific_pictures/,yes,photo,specific family photos,photos of dad and daughter,correct picture,search for specific photos of dad and daughter,gave_up,evaluation,none,search for a specific photos of my dad and one of my daughters and moving photos and it found to find the correct picture.
reddit,2026-08-21,,https://old.reddit.com/r/googlephotos/comments/1vuqwxl/locked_folder_disappeared/,yes,photo,locked folder photos,locked folder existed,location in search,search inside Photos,gave_up,evaluation,none,"I tried to look up my locked folder from inside Photos search, and I wasn't able to find it."
reddit,2026-08-19,,https://old.reddit.com/r/googlephotos/comments/1vscaa8/desperately_need_help_figuring_out_what_i_did/,yes,photo,photos from main account,majority of photos backed up to empty account,cannot access them on main,not_mentioned,not_mentioned,evaluation|unknown_unclear,none,"I clicked the 'clean up space' button on that account not thinking anything of it, and it ended up clearing all but a couple images from my main account."
play_store,2026-07-22,1.0,,yes,photo,family photos downloaded,photos downloaded,location in gallery,not_mentioned,gave_up,evaluation,none,can't find family photos downloaded cause they end up being the year it was taken
play_store,2026-08-12,1.0,,yes,photo,photos sent to others,sent photos,cannot locate them,not_mentioned,not_mentioned,evaluation,none,Why is it so difficult to find the photos I've sent other people?
play_store,2026-08-24,5.0,,yes,not_mentioned,searching for a photo using known keywords,keywords they know are in the photo,the photo itself,used known words in search bar,not_mentioned,evaluation,none,"when I request a search using words I know are included in what I'm looking for, it comes up empty"
play_store,2026-08-19,3.0,,yes,photo,photo from large collection,photo exists,location in album,"search sucked, go one by one",gave_up,evaluation,go one by one,it takes days to find one photo cause the search sucked
play_store,2026-07-12,5.0,,yes,photo,family picture / school project photo,"standing with a matchbox, bigger size, camera attention",photo location,not_mentioned,not_mentioned,unknown_unclear,none,I lost the photo or something I pass school project including family picture
play_store,2026-07-19,1.0,,yes,not_mentioned,photos in app,pictures I am looking for,unknown_unclear,not_mentioned,not_mentioned,evaluation|system_understanding,none,I can even find te pictures I am looking for half the because the pictures are all different sizes
play_store,2026-07-21,2.0,,yes,photo,photo in locked folder,specific photo,unknown_unclear,endlessly scroll,gave_up,evaluation,none,Having to endlessly scroll to try and find something specific.
play_store,2026-06-28,1.0,,yes,photo,searching for photos using AI,used to find photos easily,cannot locate photos,AI search,gave_up,evaluation,none,I can't find photos as easily as I used to never the ai thing always had a damn issue finding it!
play_store,2026-07-21,2.0,,yes,photo,photo from camera roll,"search terms like human, animal, painting, rollercoaster",photos matching those terms,used search terms in Google Photos,gave_up,evaluation,none,the search function is useless ... won't give me ANY results
play_store,2026-09-16,1.0,,yes,photo,repair photos of a car engine,hundreds of repair photos,only a few show up in search,TEXT/SUBJECT search,gave_up,evaluation|system_understanding,none,"""TEXT/SUBJECT search is FAIL."""
play_store,2026-06-28,5.0,,yes,photo,deleted photo from locked folder,picture in locked folder,cannot restore deleted photo,not_mentioned,gave_up,evaluation,none,when I try to restore it there was nothing at all available to do
play_store,2024-09-24,1.0,,yes,photo,photos missing from backup,photos in phone albums,missing in app,not_mentioned,not_mentioned,evaluation,none,"When the app finally backs‑up photos, it's missing some (photos that are in my albums on my phone aren't showing up in app)."
play_store,2024-08-19,1.0,,yes,photo,photos backup status,whether photo backed up,if photo still on device,not_mentioned,not_mentioned,evaluation|system_understanding,none,"I have bad memory and can't always remember if I've backed up a photo already, or if it's still on my device"
play_store,2025-09-17,2.0,,yes,photo,photos in albums,photos they want to find,photos not found by search,AI search rarely finds the photos i want,not_mentioned,evaluation|system_understanding,none,the new ai search rarely finds the photos i want
play_store,2026-09-15,1.0,,yes,photo,photo details,photo details used to be easily available,details not accessible,swipe up didn't work,not_mentioned,evaluation,none,"photo's details used to be easily available, from a simple menu selection, but aren't any more."
play_store,2026-08-19,1.0,,yes,photo,finding photos in the app,my pics,unknown_unclear,not_mentioned,not_mentioned,evaluation,none,"can't delete from Google storage from the app, and just a crazy incomprehensible organization of photos and videos"
play_store,2026-09-07,1.0,,yes,photo,old photos from 6 years ago,photos exist in cloud,location in app (top vs date),scrolling through dates,gave_up,evaluation,none,Restored images are sitting on their original calendar dates instead of the top.
play_store,2026-07-11,2.0,,yes,not_mentioned,photos organized by month/year,photos shown by month/year,organization gone,not_mentioned,gave_up,evaluation,none,"With the new update, the organization is gone. All photos/videos are now shown in a haphazard mess."
play_store,2025-06-14,2.0,,yes,photo,searching photos by face name,family members' faces,photos containing those faces,search by name,gave_up,evaluation|system_understanding,none,This used to work well but has become a complete mess recently to the point it's useless to even try and search by name.
play_store,2024-09-05,2.0,,yes,screenshot,searching for labeled screenshots,search terms from commenting area,photos not found,"force stop, reboot, update, clear cache",not_mentioned,evaluation,none,all searches return no results
play_store,2026-07-17,2.0,,yes,photo,photo from storage,thumbnails same size,random large photos,not_mentioned,gave_up,evaluation,none,makes it much harder to find the photo I want.
play_store,2026-07-07,1.0,,yes,photo,download photo from cloud to device,photos stored in Google Photos,unable to download them to gallery,click download,gave_up,unknown_unclear,none,when ever I click download to put them back into my gallery it never works
play_store,2026-07-22,1.0,,yes,photo,photos not showing in app,"photos exist, visible in PC web and older app",photos not visible in new app,not_mentioned,not_mentioned,evaluation,none,everything worked great until the last update. now my photos won't show in the app.
play_store,2026-07-27,3.0,,yes,photo,photo from July 27,downloaded pic at 12:55am July 27,exact location/date in app,not_mentioned,not_mentioned,evaluation|system_understanding,none,"I downloaded a pic at 12:55am on the 27th of July... find it saved all the way in 5:32pm on the 5th of May, 2012."
play_store,2026-09-18,2.0,,yes,photo,missing album pictures,uploaded from Galaxy phone,missing pictures,not_mentioned,not_mentioned,unknown_unclear,none,Where are my missing album pictures that I uploaded from my Galaxy phone !Still missing!!!
play_store,2026-09-11,1.0,,yes,photo,edited photo not appearing after edit,edited photos exist,where the edited photos are stored,searched different folders,gave_up,evaluation|unknown_unclear,none,I can't find the edited ones at all! I tried to search in different folders - nothing...
play_store,2026-09-04,1.0,,yes,photo,photos disappeared after backup,backed up photos,missing photos,not_mentioned,not_mentioned,unknown_unclear,none,I've also lost god knows how many photos thinking they'd been backed up
play_store,2026-09-07,4.0,,yes,photo,photos backed up before editing,photos were backed up,unable to locate them,not_mentioned,not_mentioned,evaluation,none,I can't find then again to save my storage space
play_store,2026-09-12,1.0,,yes,photo,old photos missing after deletion,old photos backed up earlier,missing photos,not_mentioned,not_mentioned,unknown_unclear,none,MY PHOTOS ARE MISSING!!!! My old photos that were backed up and I could see earlier are missing now.
play_store,2026-09-04,2.0,,yes,video,video of cats playing with a toy,video of cats playing with a new toy,video no longer has play availability,not_mentioned,not_mentioned,unknown_unclear,none,I have a video of my two cats playing with a new toy and it no longer has a play availability
play_store,2026-08-25,4.0,,yes,screenshot,screenshots,Screenshots folder,Location of screenshots,opened Screenshots folder,gave_up,evaluation,none,When the Screenshots folder is opened it displays ‘photos missing from search Turn on backup’ message.
